{
  "title": "Booking resource",
  "description": "Booking resource object",
  "type": "object",
  "properties": {
    "id": {
      "description": "Booking id",
      "type": "integer"
    },
    "first_name": {
      "description": "First name",
      "type": "string",
      "minLength": 1,
      "maxLength": 255
    },
    "last_name": {
      "description": "Last name",
      "type": "string",
      "minLength": 1,
      "maxLength": 255
    },
    "dob": {
      "description": "Date of Birth",
      "type": "string",
      "format": "date-time"
    },
    "checkin_datetime": {
      "description": "Checkin Time",
      "type": "string",
      "format": "date-time"
    },
    "checkout_datetime": {
      "description": "checkout date",
      "type": "string",
      "format": "date-time"
    },
    "totalprice": {
      "description": "Total Price",
      "type": "integer"
    },
    "deposit": {
      "description": "Deposit",
      "type": "integer"
    },
    "address": {
      "description": "Address",
      "type": "object",
      "properties": {
        "line1": {
          "description": "Line 1",
          "type": "string"
        },
        "line2": {
          "description": "Line 2",
          "type": "string"
        },
        "city": {
          "description": "City",
          "type": "string"
        },
        "state": {
          "description": "state",
          "type": "string"
        },
        "zip_code": {
          "description": "Zip Code",
          "type": "string"
        }
      },
      "required": [
        "line1",
        "city",
        "state",
        "zip_code"
      ]
    }
  },
  "required": [
    "first_name",
    "last_name",
    "dob",
    "checkin_datetime"
  ]
}